!	002/002/!.png
@	002/001/@.png
P	002/001/P.png
_	002/001/_.png
a	002/001/a.png
e	002/002/e.png
i	002/002/i.png
l	002/001/l.png
o	002/002/o.png
p	002/003/p.png
r	002/001/r.png
s	002/001/s.png
t	002/002/t.png
u	002/002/u.png
y	002/001/y.png
♢	002/002/♢.png
、	002/001/、.png
あ	002/001/あ.png
い	002/001/い.png
う	002/001/う.png
え	002/002/え.png
お	002/002/お.png
か	002/001/か.png
が	002/001/が.png
き	004/001_fin/き.png
ぎ	004/001_fin/ぎ.png
く	002/001/く.png
ぐ	004/001_fin/ぐ.png
け	004/001_fin/け.png
げ	004/001_fin/げ.png
こ	004/001_fin/こ.png
ご	002/002/ご.png
さ	002/002/さ.png
し	002/001/し.png
じ	004/001_fin/じ.png
す	002/003/す.png
た	002/001/た.png
だ	002/001/だ.png
ち	002/001/ち.png
っ	002/001/っ.png
つ	004/001_fin/つ.png
て	002/002/て.png
で	002/001/で.png
と	002/001/と.png
な	002/003/な.png
に	002/001/に.png
ね	004/001_fin/ね.png
の	002/001/の.png
ぱ	004/001_fin/ぱ.png
ぴ	004/001_fin/ぴ.png
ふ	002/002/ふ.png
ぶ	004/001_fin/ぶ.png
ぽ	004/001_fin/ぽ.png
ま	002/002/ま.png
む	004/001_fin/む.png
め	002/001/め.png
も	002/001/も.png
ゃ	004/001_fin/ゃ.png
や	004/001_fin/や.png
ゅ	004/001_fin/ゅ.png
ょ	002/001/ょ.png
よ	002/003/よ.png
ら	004/001_fin/ら.png
り	004/001_fin/り.png
る	002/002/る.png
れ	002/002/れ.png
ろ	004/001_fin/ろ.png
わ	002/002/わ.png
を	002/001/を.png
ん	002/001/ん.png
イ	002/001/イ.png
カ	002/002/カ.png
キ	002/001/キ.png
ザ	002/003/ザ.png
ス	002/002/ス.png
セ	002/001/セ.png
デ	002/003/デ.png
ト	002/001/ト.png
ナ	002/003/ナ.png
パ	002/002/パ.png
ホ	002/003/ホ.png
マ	002/003/マ.png
ム	002/003/ム.png
ラ	002/001/ラ.png
リ	002/003/リ.png
レ	002/001/レ.png
ー	004/001_fin/ー.png
人	002/001/人.png
仕	002/003/仕.png
企	002/003/企.png
使	002/001/使.png
例	002/002/例.png
入	002/002/入.png
全	002/002/全.png
出	002/002/出.png
叉	002/001/叉.png
叶	002/002/叶.png
合	005/001/合.png
国	002/002/国.png
天	002/002/天.png
女	002/001/女.png
子	002/001/子.png
宝	002/002/宝.png
屋	002/003/屋.png
引	002/002/引.png
張	002/001/張.png
強	002/003/強.png
情	002/002/情.png
愛	005/001/愛.png
感	002/002/感.png
才	002/002/才.png
放	002/002/放.png
敵	002/003/敵.png
最	002/003/最.png
望	002/002/望.png
本	002/001/本.png
様	002/003/様.png
歌	002/003/歌.png
江	002/002/江.png
沙	002/001/沙.png
燈	002/002/燈.png
産	002/001/産.png
画	002/003/画.png
素	002/003/素.png
縮	002/001/縮.png
良	002/001/良.png
色	002/001/色.png
花	002/001/花.png
表	002/002/表.png
要	002/002/要.png
部	002/003/部.png
間	002/002/間.png
題	002/002/題.png
髪	002/002/髪.png
